pesquera;sancristobal;losada;s-martin;manuel-castro;peire;c-gil;tawfik;zubia;g-diaz
conrado;solana;joseba-abaitua;josuka;rezende;koza;pardo
silvia-rentería;izaskun-mendia;asier-arruti;juan-ignacio-vazquez;jonathan-garibay;leire-muguira
doamo;xabier-laiseca;aitor-almeida;pablo-orduna;juan-ignacio-vazquez
cadenas;gonzález;carlos-lamfus;manuel-castro;juan-ignacio-vazquez;d-martin;iker-larizgoitia;ruiz;poveda
leire-muguira;juan-ignacio-vazquez;iker-larizgoitia
ana-belen-lago;ivan-pretel
ana-belen-lago;iker-larizgoitia
dipina;mariluz-guenaga;ander-barbier
dipina;carmen-fuentes;marcos-vergara;rocío-peña;ramón-hervás;gregorio-casero;josé-bravo
dipina;tania-lorido;unai-lópez
dipina;daniel-garcía;aitor-almeida;javier-fernández;iván-garcía;juan-ignacio-vazquez;david-sainz
dipina;david-ausin;francisco-flórez;josé-bravo;miguel-ángel-valero
dipina;torres-manzanera;carlos-lamfus;d-martin;alzua-sorzabal
dipina;d-garcia;aitor-almeida;david-sainz;juan-ignacio-vazquez;ivan-garcia;j-fernandez
dipina;jon-valdés;aitor-almeida;david-sainz
dipina;pablo-orduna;ester-gonzález-aguado;xabier-laiseca;eduardo-castillejo;aitor-gomez-goiri
dipina;pablo-orduna;sergio-fínez;xabier-laiseca;eduardo-castillejo;aitor-gomez-goiri
dipina;pablo-orduna;ander-barbier;aitor-almeida;xabier-laiseca;juan-ignacio-vazquez;iker-larizgoitia;unai-aguilera
dipina;pablo-orduna;aitor-almeida;marcos-sacristan;eduardo-castillejo
dipina;pablo-orduna;aitor-almeida;eduardo-castillejo;xabier-laiseca;aitor-gomez-goiri
dipina;pablo-orduna;aitor-almeida;j-fernandez;juan-ignacio-vazquez
dipina;pablo-orduna;aitor-almeida;unai-aguilera;xabier-laiseca;aitor-gomez-goiri
dipina;pablo-orduna;aitor-almeida;unai-aguilera;rafael-heras
dipina;pablo-orduna;zubia;unai-hernandez;ignacio-angulo;jaime-irurzun;olga-dziabenko
dipina;pablo-orduna;zubia;unai-hernandez;ignacio-angulo;jaime-irurzun;manuel-castro;j-fernandez;sancristobal;s-martin
dipina;pablo-orduna;zubia;unai-hernandez;ignacio-angulo;jaime-irurzun;manuel-castro;jonathan-garibay
dipina;pablo-orduna;zubia;unai-hernandez;ignacio-angulo;rodríguez;olga-dziabenko
dipina;pablo-orduna;zubia;unai-hernandez;ignacio-angulo;rodriguez-gil;olga-dziabenko
dipina;pablo-orduna;zubia;unai-hernandez;saenz;ivan-trueba
dipina;pablo-orduna;iker-larizgoitia;juan-ignacio-vazquez;manuel-castro
dipina;pablo-orduna;juan-ignacio-vazquez;rodríguez
dipina;pablo-orduna;juan-ignacio-vazquez;manuel-castro;j-fernandez
dipina;pablo-orduna;juan-ignacio-vazquez;manuel-castro;jonathan-garibay
dipina;david-sainz;juan-ignacio-vazquez;jonathan-garibay
dipina;d-martin;carlos-lamfus;juan-ignacio-vazquez;iker-larizgoitia;manuel-castro
dipina;alcarria;robles;unai-aguilera;morales
dipina;sergio-blanco;xabier-laiseca;ignacio-sarralde
dipina;jamardo;juan-ignacio-vazquez
dipina;christian-guggenmos;j-fernandez;g-gil;bernhard-klein
dipina;david-bujan;josuka;joseba-abaitua;unai-aguilera
dipina;david-bujan;mikel-emaldi
dipina;inigo-sedano;juan-ignacio-vazquez
dipina;borja-sotomayor;aitor-almeida;joseba-abaitua
dipina;joseba-abaitua;juan-ignacio-vazquez;unai-aguilera;aitor-almeida
dipina;joseba-abaitua;juan-ignacio-vazquez;unai-aguilera;josuka
dipina;mikel-emaldi;aitor-gomez-goiri
alves;pablo-orduna;zubia
elio-san-cristóbal;jaime-irurzun;manuel-castro;pablo-orduna;ignacio-angulo;zubia;jonathan-garibay;unai-hernandez
